INSERT INTO "categories" ("id", "name", "nameAr", "slug", "description", "descriptionAr", "imageUrl") VALUES (2, 'Waterers', 'مساقي', 'waterers', 'Clean, efficient watering systems with advanced nipple technology.', 'أنظمة شرب نظيفة وفعالة مع تقنية حلمات متطورة.', 'https://images.unsplash.com/photo-1598970434795-0c54fe7c0648?ixlib=rb-1.2.1&auto=format&fit=crop&w=500&q=80');
INSERT INTO "categories" ("id", "name", "nameAr", "slug", "description", "descriptionAr", "imageUrl") VALUES (3, 'Coop Equipment', 'معدات العشة', 'coop-equipment', 'Everything you need for a comfortable, secure chicken coop.', 'كل ما تحتاجه لعشة دجاج مريحة وآمنة.', 'https://images.unsplash.com/photo-1516467508483-a7212febe31a?ixlib=rb-1.2.1&auto=format&fit=crop&w=500&q=80');
INSERT INTO "categories" ("id", "name", "nameAr", "slug", "description", "descriptionAr", "imageUrl") VALUES (4, 'Health & Care', 'الصحة والرعاية', 'health-care', 'Products to maintain flock health and hygiene.', 'منتجات للحفاظ على صحة ونظافة قطيع الدواجن.', 'https://images.unsplash.com/photo-1567450121326-28da3695ef35?ixlib=rb-1.2.1&auto=format&fit=crop&w=500&q=80');
INSERT INTO "categories" ("id", "name", "nameAr", "slug", "description", "descriptionAr", "imageUrl") VALUES (1, 'Feeders', 'معالف', 'feeders', 'Automatic and manual feeding solutions for all flock sizes.', 'حلول تغذية أوتوماتيكية ويدوية لجميع أحجام قطعان الدواجن.', '/uploads/category-1744437264811-42373139.webp');

INSERT INTO "session" ("sid", "sess", "expire") VALUES ('yKjYv2rDGUzAXKOl5nJhFI709tyChKz0', '[object Object]', '2025-05-12T06:18:35.000Z');
INSERT INTO "session" ("sid", "sess", "expire") VALUES ('wXg52tKkKfWs57cianf5ip8vmEApUV4a', '[object Object]', '2025-05-15T19:44:18.000Z');
INSERT INTO "session" ("sid", "sess", "expire") VALUES ('rAdly-hbuuoraR3FfR1GVb81-6fmat-F', '[object Object]', '2025-05-14T14:10:25.000Z');
INSERT INTO "session" ("sid", "sess", "expire") VALUES ('OK-SCPQRsw2qzjvJKXfLHKolF0wAfZv6', '[object Object]', '2025-05-15T20:01:24.000Z');

INSERT INTO "product_images" ("id", "productId", "url", "isPrimary", "displayOrder", "alt", "createdAt") VALUES (1, 8, '/uploads/product-1744382460494-302235375.png', FALSE, 0, '', '2025-04-11T14:41:00.803Z');
INSERT INTO "product_images" ("id", "productId", "url", "isPrimary", "displayOrder", "alt", "createdAt") VALUES (2, 8, '/uploads/product-1744382485355-928934338.jpeg', TRUE, 0, '', '2025-04-11T14:41:25.403Z');
INSERT INTO "product_images" ("id", "productId", "url", "isPrimary", "displayOrder", "alt", "createdAt") VALUES (3, 5, '/uploads/product-1744384367316-308351605.jpg', TRUE, 0, '', '2025-04-11T15:12:47.757Z');
INSERT INTO "product_images" ("id", "productId", "url", "isPrimary", "displayOrder", "alt", "createdAt") VALUES (4, 5, '/uploads/product-1744384403682-876970820.PNG', FALSE, 0, '', '2025-04-11T15:13:23.733Z');
INSERT INTO "product_images" ("id", "productId", "url", "isPrimary", "displayOrder", "alt", "createdAt") VALUES (5, 5, '/uploads/product-1744384414956-22601088.webp', FALSE, 0, '', '2025-04-11T15:13:35.073Z');
INSERT INTO "product_images" ("id", "productId", "url", "isPrimary", "displayOrder", "alt", "createdAt") VALUES (7, 3, '/uploads/product-1744562463247-749169680.avif', FALSE, 0, '', '2025-04-13T16:41:03.317Z');
INSERT INTO "product_images" ("id", "productId", "url", "isPrimary", "displayOrder", "alt", "createdAt") VALUES (9, 3, '/uploads/product-1744562537548-228329156.avif', FALSE, 0, '', '2025-04-13T16:42:17.635Z');
INSERT INTO "product_images" ("id", "productId", "url", "isPrimary", "displayOrder", "alt", "createdAt") VALUES (10, 3, '/uploads/product-1744562556236-945389571.avif', FALSE, 0, '', '2025-04-13T16:42:36.283Z');
INSERT INTO "product_images" ("id", "productId", "url", "isPrimary", "displayOrder", "alt", "createdAt") VALUES (8, 3, '/uploads/product-1744562531256-301921671.avif', TRUE, 0, '', '2025-04-13T16:42:11.305Z');
INSERT INTO "product_images" ("id", "productId", "url", "isPrimary", "displayOrder", "alt", "createdAt") VALUES (11, 9, '/uploads/product-1744600168524-562530926.jpeg', TRUE, 0, '', '2025-04-14T03:09:29.643Z');

INSERT INTO "products" ("id", "name", "nameAr", "slug", "description", "descriptionAr", "price", "categoryId", "imageUrl", "featured", "inStock", "badge", "badgeAr", "originalPrice", "additionalImages", "videoUrl", "specificationImages", "descriptionImages", "sku", "weight", "dimensions", "warrantyinfo", "features", "specs", "tags", "quantity", "metatitle", "metadescription", "additionalimages", "videourl", "specificationimages", "descriptionimages", "keyfeatures", "keybenefits", "usecasecommercial", "usecasebackyard", "maintenancetips", "keyfeaturesar", "keybenefitsar", "usecasecommercialar", "usecasebackyardar", "maintenancetipsar", "keyfeaturestitle", "usecasecommercialtitle", "usecasebackyardtitle", "maintenancetipstitle", "keyfeaturestitlear", "keybenefitstitlear", "maintenancetipstitlear", "keybenefitstitle", "usecasecommercialtitlear", "usecasebackyardtitlear", "usecasestitle", "usecasestitlear", "published") VALUES (3, 'Djjjjjjjjuxe Nesting Boxes (Set of 40)', 'صناديق تعشيش فاخرة (مجموعة من 4)', 'deluxe-nesting-boxes', '<h3><strong>Feature:</strong></h3><p><br></p><p><br></p><p>1.Set it &amp; Forget it" incubator For beginners：our egg incubator with automatic egg turning is user-friendly, ensuring a straightforward experience for beginners. Intelligent features simplify the process for efficient hatching without complexity. It come with User Munal and the Beginner''s Guide help you to hassle-free operation.</p><p><br></p><p>2.Humidity Control For Egg Hatching：Precise Temperature and Humidity Control &amp; Scientific Mimicry of Hen Hatching: Our egg incubator features advanced technology that allows for precise temperature and humidity control. This ensures optimal conditions for successful egg hatching, Mimic the hen''s hatching principle, this mode ensures that the eggs receive even heat distribution, promoting healthy development, the egg rotation system. They rotate once every hour which we’ve seen has made for better hatch rates!</p><p><br></p><p>3.Easy-to-Clean and User-Friendly：The top fan is detachable, and the base can be rinsed with water. Our incubator is designed with easy disassembly for convenient cleaning. The straightforward operation makes it user-friendly, allowing anyone, even beginners, to effectively use and maintain the incubator.</p><p><br></p><p>4.Automatic Egg Turner Large Duck Incuabtor：You can set the egg turning countdown time:60-210 mins. Guarantees uniform heat distribution and temperature stability during incubation, significantly increasing hatching rates. Clear window allowing you to monitor egg. It includes an Egg Candler, providing a convenient way to observe embryo development at any time.</p><p><br></p><p>5.Accurate Hatching Day Tracking：Our incubator quipped with a Day display and controller, enabling precise humidity management crucial for successful hatching. The external water inlet allows easy water replenishment without disrupting the incubator''s internal environment.</p><p><br></p><p><span style="color: rgba(0, 0, 0, 0);"><img src="https://sc04.alicdn.com/kf/H078bf092d3c349ba95ba6e7a08e85932n/202601334/H078bf092d3c349ba95ba6e7a08e85932n.jpg"></span></p><p><span style="color: rgba(0, 0, 0, 0);"><img src="https://sc04.alicdn.com/kf/H297931e210f747a2a5101945c1d271728/202601334/H297931e210f747a2a5101945c1d271728.jpg"></span></p><p><span style="color: rgba(0, 0, 0, 0);"><img src="https://sc04.alicdn.com/kf/H626be3dd87f94ca0a926a569d561ab2e4/202601334/H626be3dd87f94ca0a926a569d561ab2e4.jpg"></span></p><p><span style="color: rgba(0, 0, 0, 0);"><img src="https://sc04.alicdn.com/kf/Hfc22f8027a6f47159efd2a005c501be9D/202601334/Hfc22f8027a6f47159efd2a005c501be9D.jpg"></span></p><p><span style="color: rgba(0, 0, 0, 0);"><img src="https://sc04.alicdn.com/kf/Ha26de7065a964c19a399223339e99301y/202601334/Ha26de7065a964c19a399223339e99301y.jpg"></span></p><p><span style="color: rgba(0, 0, 0, 0);"><img src="https://sc04.alicdn.com/kf/H78596a42c28d415b92d25d2c1b60e96cW/202601334/H78596a42c28d415b92d25d2c1b60e96cW.jpg"></span></p><p><span style="color: rgba(0, 0, 0, 0);"><img src="https://sc04.alicdn.com/kf/Hb9c75d9872a84639b4bed7a65ccc3384A/202601334/Hb9c75d9872a84639b4bed7a65ccc3384A.jpg"></span></p><p><span style="color: rgba(0, 0, 0, 0);"><img src="https://sc04.alicdn.com/kf/Hc31c0629a96246ad8260712345051071y/202601334/Hc31c0629a96246ad8260712345051071y.jpg"></span></p><p><span style="color: rgba(0, 0, 0, 0);"><img src="https://sc04.alicdn.com/kf/H27ae14d696e847eebfefc3599c1f84259/202601334/H27ae14d696e847eebfefc3599c1f84259.jpg"></span></p><p><span style="color: rgba(0, 0, 0, 0);"><img src="https://sc04.alicdn.com/kf/Hc6b2103974d44c43acef0cba2cf6d526y/202601334/Hc6b2103974d44c43acef0cba2cf6d526y.jpg"></span></p><p><span style="color: rgba(0, 0, 0, 0);"><img src="https://sc04.alicdn.com/kf/Hf3c09c0ff7b44ea28d6ea00c6cc57baaY/202601334/Hf3c09c0ff7b44ea28d6ea00c6cc57baaY.jpg"></span></p><p><span style="color: rgba(0, 0, 0, 0);"><img src="https://sc04.alicdn.com/kf/H237253ac769c4147ac4b55921c932ccdo/202601334/H237253ac769c4147ac4b55921c932ccdo.jpg"></span></p>', '<p>صناديق تعشيش مريحة سهلة التنظيف مع نظام تجميع البيض المتدحرج.</p>', '30', 3, '/uploads/product-1744562531256-301921671.avif', TRUE, TRUE, 'sale', 'الأكثر مبيعاً', '70', NULL, NULL, NULL, NULL, '', '', '', NULL, '', '[object Object]', '', 0, NULL, NULL, '', NULL, '', '', 'These deluxe nesting boxes are engineered for optimal egg production, egg protection, and hen comfort with premium materials and thoughtful design.', '- Comfortable nesting surface encourages laying
- Roll-away design keeps eggs clean and protected
- Easy access for egg collection
- Durable construction for years of use
- Designed to prevent egg-eating behavior', 'Perfect for commercial egg producers seeking to maximize production while minimizing labor costs associated with egg collection and cleaning.', 'Ideal for backyard chicken keepers who want to simplify egg collection and ensure clean, unbroken eggs for family consumption.', '1. Remove and wash nesting material monthly
2. Check roll-away mechanism weekly for proper function
3. Disinfect boxes quarterly with poultry-safe cleaner
4. Inspect for wear or damage seasonally
5. Keep lids and collection areas clean daily', 'تم تصميم صناديق التعشيش الفاخرة هذه لتحقيق أمثل إنتاج للبيض وحماية البيض وراحة الدجاج باستخدام مواد متميزة وتصميم مدروس.', '- سطح تعشيش مريح يشجع على وضع البيض
- تصميم متدحرج يحافظ على نظافة البيض وحمايته
- سهولة الوصول لجمع البيض
- بناء متين لسنوات من الاستخدام
- مصمم لمنع سلوك أكل البيض', 'مثالي لمنتجي البيض التجاريين الذين يسعون إلى زيادة الإنتاج إلى أقصى حد مع تقليل تكاليف العمالة المرتبطة بجمع البيض وتنظيفه.', 'مثالي لمربي الدجاج في الفناء الخلفي الذين يرغبون في تبسيط جمع البيض وضمان بيض نظيف وغير مكسور للاستهلاك العائلي.', '1. إزالة وغسل مواد التعشيش شهريًا
2. فحص آلية التدحرج أسبوعيًا للتأكد من عملها بشكل صحيح
3. تطهير الصناديق كل ثلاثة أشهر بمنظف آمن للدواجن
4. فحص التآكل أو التلف موسميًا
5. الحفاظ على نظافة الأغطية ومناطق التجميع يوميًا', 'Key Features', 'Commercial Farms', 'Backyard Coops', 'Maintenance Tips', 'الميزات الرئيسية', 'الفوائد الرئيسية', 'نصائح الصيانة', 'Key Benefits', 'المزارع التجارية', 'أقفاص الفناء الخلفي', 'Use Cases', 'حالات الاستخدام', TRUE);
INSERT INTO "products" ("id", "name", "nameAr", "slug", "description", "descriptionAr", "price", "categoryId", "imageUrl", "featured", "inStock", "badge", "badgeAr", "originalPrice", "additionalImages", "videoUrl", "specificationImages", "descriptionImages", "sku", "weight", "dimensions", "warrantyinfo", "features", "specs", "tags", "quantity", "metatitle", "metadescription", "additionalimages", "videourl", "specificationimages", "descriptionimages", "keyfeatures", "keybenefits", "usecasecommercial", "usecasebackyard", "maintenancetips", "keyfeaturesar", "keybenefitsar", "usecasecommercialar", "usecasebackyardar", "maintenancetipsar", "keyfeaturestitle", "usecasecommercialtitle", "usecasebackyardtitle", "maintenancetipstitle", "keyfeaturestitlear", "keybenefitstitlear", "maintenancetipstitlear", "keybenefitstitle", "usecasecommercialtitlear", "usecasebackyardtitlear", "usecasestitle", "usecasestitlear", "published") VALUES (5, 'Poultry Health Kit', 'طقم صحة الدواجن', 'poultry-health-kit', '<p>Complete kit with essential supplements and medications for maintaining flock health.</p>', '<p>طقم متكامل مع المكملات الغذائية والأدوية الضرورية للحفاظ على صحة القطيع.</p>', '49.99', 4, '/uploads/product-1744384367316-308351605.jpg', FALSE, TRUE, 'bestseller', NULL, NULL, NULL, NULL, NULL, NULL, '', '', '', '', '', '[object Object]', '', 0, '', '', '', NULL, '', '', 'This comprehensive health kit contains all essential supplies for preventing and treating common poultry ailments, promoting flock wellness.', '- Complete set of poultry-specific medications and treatments
- Easy-to-follow diagnostic guide included
- All-natural supplement options included
- Specialized applicators for precise administration
- Extended shelf life for emergency preparedness', 'Essential for commercial operations to quickly address health issues before they impact production or spread throughout the flock.', 'Perfect for hobby farmers who want to be prepared for common health issues without veterinary visits for every minor ailment.', '1. Check expiration dates quarterly
2. Store in cool, dry location away from direct sunlight
3. Replace used items promptly
4. Keep diagnostic manual clean and accessible
5. Review treatment protocols annually', 'تحتوي مجموعة الصحة الشاملة هذه على جميع المستلزمات الأساسية للوقاية من أمراض الدواجن الشائعة وعلاجها، وتعزيز صحة القطيع.', '- مجموعة كاملة من الأدوية والعلاجات الخاصة بالدواجن
- دليل تشخيصي سهل الاتباع مضمن
- خيارات المكملات الطبيعية بالكامل مضمنة
- أجهزة تطبيق متخصصة للإدارة الدقيقة
- عمر تخزين طويل للتأهب للطوارئ', 'ضروري للعمليات التجارية لمعالجة المشاكل الصحية بسرعة قبل أن تؤثر على الإنتاج أو تنتشر في جميع أنحاء القطيع.', 'مثالي للمزارعين الهواة الذين يرغبون في الاستعداد للمشاكل الصحية الشائعة دون زيارات بيطرية لكل علة بسيطة.', '1. تحقق من تواريخ انتهاء الصلاحية كل ثلاثة أشهر
2. تخزين في مكان بارد وجاف بعيدًا عن أشعة الشمس المباشرة
3. استبدال العناصر المستخدمة على الفور
4. الحفاظ على دليل التشخيص نظيفًا ويمكن الوصول إليه
5. مراجعة بروتوكولات العلاج سنويًا', 'Key Features', 'Commercial Farms', 'Backyard Coops', 'Maintenance Tips', 'الميزات الرئيسية', 'الفوائد الرئيسية', 'نصائح الصيانة', 'Key Benefits', 'المزارع التجارية', 'أقفاص الفناء الخلفي', 'Use Cases', 'حالات الاستخدام', TRUE);
INSERT INTO "products" ("id", "name", "nameAr", "slug", "description", "descriptionAr", "price", "categoryId", "imageUrl", "featured", "inStock", "badge", "badgeAr", "originalPrice", "additionalImages", "videoUrl", "specificationImages", "descriptionImages", "sku", "weight", "dimensions", "warrantyinfo", "features", "specs", "tags", "quantity", "metatitle", "metadescription", "additionalimages", "videourl", "specificationimages", "descriptionimages", "keyfeatures", "keybenefits", "usecasecommercial", "usecasebackyard", "maintenancetips", "keyfeaturesar", "keybenefitsar", "usecasecommercialar", "usecasebackyardar", "maintenancetipsar", "keyfeaturestitle", "usecasecommercialtitle", "usecasebackyardtitle", "maintenancetipstitle", "keyfeaturestitlear", "keybenefitstitlear", "maintenancetipstitlear", "keybenefitstitle", "usecasecommercialtitlear", "usecasebackyardtitlear", "usecasestitle", "usecasestitlear", "published") VALUES (8, 'Gravity Waterer (5 gallon)', 'مسقاة', 'gravity-waterer', '<p>Large capacity gravity waterer that keeps chickens hydrated for days without refilling.</p><p class="ql-align-center"><img src="https://media.istockphoto.com/id/1917491709/photo/aerial-view-of-green-forests-with-earth-green-planet-in-your-hands-save-earth-texture-of.jpg?s=2048x2048&amp;w=is&amp;k=20&amp;c=Z62XZl7x21pAoWYGVC1pBmKkIAUMBvbjm5xvaAGE_Xo=" height="233" width="414"></p><p><br></p><p><br></p><p><br></p><p><br></p><p><br></p><p><br></p><p><br></p><p><br></p><p><br></p><p><br></p><p><br></p><p><br></p><p><br></p><p><br></p><p><br></p>', '<p>مسقاة جاذبية كبيرة السعة تحافظ على ترطيب الدجاج لأيام بدون إعادة ملء.</p>', '42.99', 2, '/uploads/product-1744382485355-928934338.jpeg', TRUE, TRUE, 'sale', NULL, '59.99', NULL, NULL, NULL, NULL, '', '', '', '', '', '[object Object]', '', 0, '', '', '', NULL, '', '', 'This efficient gravity waterer is designed to provide a reliable water supply to your poultry with minimal maintenance and maximum cleanliness.', '- Maintains water level automatically
- Reduces labor with less frequent refilling
- Prevents contamination with specialized design
- Durable construction withstands pecking and weather
- Easy to clean with removable components', 'Perfect for commercial operations where reliable, low-maintenance watering solutions maximize efficiency and minimize labor costs.', 'Ideal for backyard flocks where owners want to ensure continuous water access even during busy schedules or short absences.', '1. Rinse and refill with fresh water every 2-3 days
2. Clean thoroughly with poultry-safe disinfectant weekly
3. Check valve function monthly
4. Inspect for cracks or damage seasonally
5. Descale with vinegar solution quarterly in hard water areas', 'تم تصميم سقاية الجاذبية الفعالة هذه لتوفير إمدادات مياه موثوقة للدواجن مع الحد الأدنى من الصيانة وأقصى قدر من النظافة.', '- يحافظ على مستوى الماء تلقائيًا
- يقلل من العمالة مع إعادة الملء بشكل أقل تكرارًا
- يمنع التلوث بتصميم متخصص
- بناء متين يتحمل النقر والطقس
- سهل التنظيف مع مكونات قابلة للإزالة', 'مثالي للعمليات التجارية حيث تعمل حلول الري الموثوقة منخفضة الصيانة على زيادة الكفاءة وتقليل تكاليف العمالة.', 'مثالي لقطعان الفناء الخلفي حيث يرغب المالكون في ضمان الوصول المستمر إلى المياه حتى أثناء الجداول المزدحمة أو الغيابات القصيرة.', '1. شطف وإعادة ملء بالماء العذب كل 2-3 أيام
2. تنظيف بشكل كامل باستخدام مطهر آمن للدواجن أسبوعيًا
3. تحقق من وظيفة الصمام شهريًا
4. فحص للتأكد من عدم وجود تشققات أو تلف موسميًا
5. إزالة الترسبات بمحلول الخل كل ثلاثة أشهر في مناطق المياه العسرة', 'Key Features', 'Commercial Farms', 'Backyard Coops', 'Maintenance Tips', 'الميزات الرئيسية', 'الفوائد الرئيسية', 'نصائح الصيانة', 'Key Benefits', 'المزارع التجارية', 'أقفاص الفناء الخلفي', 'Use Cases', 'حالات الاستخدام', TRUE);
INSERT INTO "products" ("id", "name", "nameAr", "slug", "description", "descriptionAr", "price", "categoryId", "imageUrl", "featured", "inStock", "badge", "badgeAr", "originalPrice", "additionalImages", "videoUrl", "specificationImages", "descriptionImages", "sku", "weight", "dimensions", "warrantyinfo", "features", "specs", "tags", "quantity", "metatitle", "metadescription", "additionalimages", "videourl", "specificationimages", "descriptionimages", "keyfeatures", "keybenefits", "usecasecommercial", "usecasebackyard", "maintenancetips", "keyfeaturesar", "keybenefitsar", "usecasecommercialar", "usecasebackyardar", "maintenancetipsar", "keyfeaturestitle", "usecasecommercialtitle", "usecasebackyardtitle", "maintenancetipstitle", "keyfeaturestitlear", "keybenefitstitlear", "maintenancetipstitlear", "keybenefitstitle", "usecasecommercialtitlear", "usecasebackyardtitlear", "usecasestitle", "usecasestitlear", "published") VALUES (7, 'chicken', 'دجاجه', 'hanging-feeder', 'Durable hanging feeder that reduces feed waste and contamination.', 'معلفة معلقة متينة تقلل من هدر العلف والتلوث.', '34.99', 1, 'https://images.unsplash.com/photo-1548550023-2bdb3c5beed7?ixlib=rb-1.2.1&auto=format&fit=crop&w=500&q=80', FALSE, TRUE, NULL, NULL, NULL, NULL, NULL, NULL, NULL, '', '', '', '', '', '[object Object]', '', 0, NULL, NULL, '', NULL, '', '', 'This innovative hanging feeder is designed to minimize waste, prevent contamination, and provide easy access to feed for your poultry.', '- Adjustable height for birds of different sizes
- Anti-waste lip prevents feed spillage
- Weather protection cover keeps feed dry
- Large capacity reduces filling frequency
- Durable construction for years of service', 'Ideal for commercial operations looking to reduce feed costs through less waste while ensuring consistent feed access.', 'Perfect for backyard flocks where convenience and feed conservation are priorities for the poultry keeper.', '1. Empty and clean weekly to prevent mold
2. Check hanging mechanism monthly for security
3. Inspect for damage after severe weather
4. Lubricate adjustment mechanisms quarterly
5. Replace damaged parts immediately to prevent feed waste', 'تم تصميم وحدة التغذية المعلقة المبتكرة هذه لتقليل الهدر ومنع التلوث وتوفير وصول سهل إلى العلف للدواجن الخاصة بك.', '- ارتفاع قابل للتعديل للطيور من أحجام مختلفة
- شفة مضادة للهدر تمنع انسكاب العلف
- غطاء حماية من الطقس يحافظ على جفاف العلف
- سعة كبيرة تقلل من تكرار الملء
- بناء متين لسنوات من الخدمة', 'مثالي للعمليات التجارية التي تتطلع إلى تقليل تكاليف العلف من خلال تقليل الهدر مع ضمان الوصول المستمر إلى العلف.', 'مثالي لقطعان الفناء الخلفي حيث تكون الراحة والحفاظ على العلف من الأولويات لمربي الدواجن.', '1. تفريغ وتنظيف أسبوعيًا لمنع العفن
2. تحقق من آلية التعليق شهريًا للتأكد من الأمان
3. افحص للتأكد من عدم وجود تلف بعد الطقس القاسي
4. تزييت آليات الضبط كل ثلاثة أشهر
5. استبدال الأجزاء التالفة على الفور لمنع هدر العلف', 'Key Features', 'Commercial Farms', 'Backyard Coops', 'Maintenance Tips', 'الميزات الرئيسية', 'الفوائد الرئيسية', 'نصائح الصيانة', 'Key Benefits', 'المزارع التجارية', 'أقفاص الفناء الخلفي', 'Use Cases', 'حالات الاستخدام', TRUE);
INSERT INTO "products" ("id", "name", "nameAr", "slug", "description", "descriptionAr", "price", "categoryId", "imageUrl", "featured", "inStock", "badge", "badgeAr", "originalPrice", "additionalImages", "videoUrl", "specificationImages", "descriptionImages", "sku", "weight", "dimensions", "warrantyinfo", "features", "specs", "tags", "quantity", "metatitle", "metadescription", "additionalimages", "videourl", "specificationimages", "descriptionimages", "keyfeatures", "keybenefits", "usecasecommercial", "usecasebackyard", "maintenancetips", "keyfeaturesar", "keybenefitsar", "usecasecommercialar", "usecasebackyardar", "maintenancetipsar", "keyfeaturestitle", "usecasecommercialtitle", "usecasebackyardtitle", "maintenancetipstitle", "keyfeaturestitlear", "keybenefitstitlear", "maintenancetipstitlear", "keybenefitstitle", "usecasecommercialtitlear", "usecasebackyardtitlear", "usecasestitle", "usecasestitlear", "published") VALUES (4, 'Portable Chicken Coop', 'عشة دجاج متنقلة', 'portable-chicken-coop', '<p>Easy-to-move coop with predator-proof design. Perfect for small to medium flocks.</p>', '<p>عشة سهلة النقل بتصميم مضاد للحيوانات المفترسة. مثالية للقطعان الصغيرة والمتوسطة.</p>', '349.99', 3, 'https://images.unsplash.com/photo-1586208958839-06c17cacdf08?ixlib=rb-1.2.1&auto=format&fit=crop&w=500&q=80', TRUE, TRUE, NULL, NULL, '149.99', NULL, NULL, NULL, NULL, '', '', '', NULL, '', '[object Object]', '', 0, NULL, NULL, '', NULL, '', '', 'This portable chicken coop is designed specifically for poultry farmers who value mobility, durability, and the welfare of their birds.', '- Easy to relocate to fresh ground
- Predator-proof design with secure locks
- Weather resistant for all seasons
- Provides both shelter and outdoor access
- Simple to clean and maintain', 'Ideal for small commercial farms that rotate birds across different areas of pasture while maintaining protection from predators.', 'Perfect for backyard poultry keepers who want to move their chickens around the yard to control pests and provide fresh foraging.', '1. Clean the coop thoroughly every 2-3 weeks
2. Check wheels and moving parts monthly
3. Inspect for damage or wear after extreme weather
4. Oil hinges and latches as needed
5. Replace bedding material regularly', 'تم تصميم عشة الدجاج المتنقلة هذه خصيصًا لمربي الدواجن الذين يقدرون سهولة التنقل والمتانة ورفاهية طيورهم.', '- سهلة النقل إلى أرض جديدة
- تصميم مضاد للحيوانات المفترسة مع أقفال آمنة
- مقاومة للعوامل الجوية في جميع المواسم
- توفر المأوى والوصول إلى الخارج
- سهلة التنظيف والصيانة', 'مثالية للمزارع التجارية الصغيرة التي تناوب الطيور عبر مناطق مختلفة من المراعي مع الحفاظ على الحماية من الحيوانات المفترسة.', 'مثالية لمربي الدواجن في الفناء الخلفي الذين يرغبون في تحريك دجاجهم حول الفناء للسيطرة على الآفات وتوفير العلف الطازج.', '1. نظف العشة جيدًا كل 2-3 أسابيع
2. تحقق من العجلات والأجزاء المتحركة شهريًا
3. افحص للتأكد من عدم وجود تلف أو تآكل بعد الطقس القاسي
4. زيت المفصلات والمزاليج حسب الحاجة
5. استبدل مواد الفراش بانتظام', 'Key Features', 'Commercial Farms', 'Backyard Coops', 'Maintenance Tips', 'الميزات الرئيسية', 'الفوائد الرئيسية', 'نصائح الصيانة', 'Key Benefits', 'المزارع التجارية', 'أقفاص الفناء الخلفي', 'Use Cases', 'حالات الاستخدام', TRUE);
INSERT INTO "products" ("id", "name", "nameAr", "slug", "description", "descriptionAr", "price", "categoryId", "imageUrl", "featured", "inStock", "badge", "badgeAr", "originalPrice", "additionalImages", "videoUrl", "specificationImages", "descriptionImages", "sku", "weight", "dimensions", "warrantyinfo", "features", "specs", "tags", "quantity", "metatitle", "metadescription", "additionalimages", "videourl", "specificationimages", "descriptionimages", "keyfeatures", "keybenefits", "usecasecommercial", "usecasebackyard", "maintenancetips", "keyfeaturesar", "keybenefitsar", "usecasecommercialar", "usecasebackyardar", "maintenancetipsar", "keyfeaturestitle", "usecasecommercialtitle", "usecasebackyardtitle", "maintenancetipstitle", "keyfeaturestitlear", "keybenefitstitlear", "maintenancetipstitlear", "keybenefitstitle", "usecasecommercialtitlear", "usecasebackyardtitlear", "usecasestitle", "usecasestitlear", "published") VALUES (2, 'Premium Watering System', 'نظام سقي متميز', 'premium-watering-system', 'Complete watering solution with nipple drinkers. Keeps water clean and prevents spillage.', 'حل متكامل للسقي مع حلمات شرب. يحافظ على نظافة المياه ويمنع الانسكاب.', '64.99', 2, 'https://images.unsplash.com/photo-1629385918123-8872c6d907ac?ixlib=rb-1.2.1&auto=format&fit=crop&w=500&q=80', TRUE, TRUE, 'new', NULL, NULL, NULL, NULL, NULL, NULL, NULL, NULL, NULL, NULL, '', '[object Object]', '', 0, NULL, NULL, '', NULL, '', '', 'This premium watering system is designed specifically for poultry farmers who prioritize water quality, efficiency, and reducing waste for their birds.', '- Maintains fresh, clean water supply at all times
- Prevents water contamination with innovative design
- Reduces water waste significantly
- Temperature-regulated to prevent freezing in cold weather
- Easy to clean and refill', 'Ideal for large commercial operations where water quality directly impacts bird health and production metrics while reducing labor costs.', 'Perfect for hobby farmers who want to ensure their flock stays properly hydrated with minimal maintenance and waste.', '1. Flush system weekly to prevent mineral buildup
2. Clean filters every 1-2 months
3. Check pressure regulator quarterly
4. Inspect for leaks or damage monthly
5. Sanitize completely every 6 months', 'تم تصميم نظام السقي المتميز هذا خصيصًا لمزارعي الدواجن الذين يعطون الأولوية لجودة المياه والكفاءة وتقليل الهدر لطيورهم.', '- يحافظ على إمداد المياه النظيفة والعذبة في جميع الأوقات
- يمنع تلوث المياه بتصميم مبتكر
- يقلل من هدر المياه بشكل كبير
- منظم درجة الحرارة لمنع التجمد في الطقس البارد
- سهل التنظيف وإعادة الملء', 'مثالي للعمليات التجارية الكبيرة حيث تؤثر جودة المياه مباشرة على صحة الطيور ومؤشرات الإنتاج مع تقليل تكاليف العمالة.', 'مثالي للمزارعين الهواة الذين يريدون التأكد من بقاء قطيعهم رطبًا بشكل صحيح مع الحد الأدنى من الصيانة والهدر.', '1. اغسل النظام أسبوعيًا لمنع تراكم المعادن
2. نظف المرشحات كل 1-2 شهر
3. تحقق من منظم الضغط كل ثلاثة أشهر
4. افحص عن وجود تسربات أو تلف شهريًا
5. عقم بالكامل كل 6 أشهر', 'Key Features', 'Commercial Farms', 'Backyard Coops', 'Maintenance Tips', 'الميزات الرئيسية', 'الفوائد الرئيسية', 'نصائح الصيانة', 'Key Benefits', 'المزارع التجارية', 'أقفاص الفناء الخلفي', 'Use Cases', 'حالات الاستخدام', FALSE);
INSERT INTO "products" ("id", "name", "nameAr", "slug", "description", "descriptionAr", "price", "categoryId", "imageUrl", "featured", "inStock", "badge", "badgeAr", "originalPrice", "additionalImages", "videoUrl", "specificationImages", "descriptionImages", "sku", "weight", "dimensions", "warrantyinfo", "features", "specs", "tags", "quantity", "metatitle", "metadescription", "additionalimages", "videourl", "specificationimages", "descriptionimages", "keyfeatures", "keybenefits", "usecasecommercial", "usecasebackyard", "maintenancetips", "keyfeaturesar", "keybenefitsar", "usecasecommercialar", "usecasebackyardar", "maintenancetipsar", "keyfeaturestitle", "usecasecommercialtitle", "usecasebackyardtitle", "maintenancetipstitle", "keyfeaturestitlear", "keybenefitstitlear", "maintenancetipstitlear", "keybenefitstitle", "usecasecommercialtitlear", "usecasebackyardtitlear", "usecasestitle", "usecasestitlear", "published") VALUES (9, 'test', 'صناديق تعشيش فاخرة (مجموعة من 4)', 'copy-of-deluxe-nesting-boxes', '<p>Comfortable, easy-to-clean nesting boxes with roll-away egg collection system.</p>', '<p>صناديق تعشيش مريحة سهلة التنظيف مع نظام تجميع البيض المتدحرج.</p>', '129.99', 3, '/uploads/product-1744600168524-562530926.jpeg', TRUE, TRUE, NULL, NULL, '74.99', NULL, NULL, NULL, NULL, '', '', '', NULL, '', '[object Object]', '', 0, NULL, NULL, '', NULL, '', '', NULL, NULL, NULL, NULL, NULL, NULL, NULL, NULL, NULL, NULL, 'Key Features', 'Commercial Farms', 'Backyard Coops', 'Maintenance Tips', 'الميزات الرئيسية', 'الفوائد الرئيسية', 'نصائح الصيانة', 'Key Benefits', 'المزارع التجارية', 'أقفاص الفناء الخلفي', 'Use Cases', 'حالات الاستخدام', TRUE);

INSERT INTO "inventory_levels" ("id", "productId", "quantity", "minStockLevel", "maxStockLevel", "lastUpdated") VALUES (1, 8, 25, 5, 100, '2025-04-12T06:16:39.095Z');
INSERT INTO "inventory_levels" ("id", "productId", "quantity", "minStockLevel", "maxStockLevel", "lastUpdated") VALUES (2, 3, 42, 5, 100, '2025-04-12T06:16:39.095Z');
INSERT INTO "inventory_levels" ("id", "productId", "quantity", "minStockLevel", "maxStockLevel", "lastUpdated") VALUES (3, 5, 15, 5, 100, '2025-04-12T06:16:39.095Z');
INSERT INTO "inventory_levels" ("id", "productId", "quantity", "minStockLevel", "maxStockLevel", "lastUpdated") VALUES (4, 7, 30, 5, 100, '2025-04-12T06:16:39.095Z');
INSERT INTO "inventory_levels" ("id", "productId", "quantity", "minStockLevel", "maxStockLevel", "lastUpdated") VALUES (5, 4, 10, 5, 100, '2025-04-12T06:16:39.095Z');
INSERT INTO "inventory_levels" ("id", "productId", "quantity", "minStockLevel", "maxStockLevel", "lastUpdated") VALUES (6, 2, 33, 5, 100, '2025-04-12T06:16:39.095Z');

INSERT INTO "inventory_transactions" ("id", "productId", "quantity", "type", "reason", "createdAt", "createdBy", "referenceId", "notes") VALUES (1, 8, 30, 'receive', 'Initial stock', '2025-04-12T06:16:50.170Z', 1, NULL, 'Initial inventory count');
INSERT INTO "inventory_transactions" ("id", "productId", "quantity", "type", "reason", "createdAt", "createdBy", "referenceId", "notes") VALUES (2, 8, -5, 'adjust', 'Inventory count', '2025-04-12T06:16:50.170Z', 1, NULL, 'Adjustment after physical count');
INSERT INTO "inventory_transactions" ("id", "productId", "quantity", "type", "reason", "createdAt", "createdBy", "referenceId", "notes") VALUES (3, 3, 50, 'receive', 'Purchase order', '2025-04-12T06:16:50.170Z', 1, NULL, 'Restock from supplier');
INSERT INTO "inventory_transactions" ("id", "productId", "quantity", "type", "reason", "createdAt", "createdBy", "referenceId", "notes") VALUES (4, 3, -8, 'sale', 'Order #1001', '2025-04-12T06:16:50.170Z', 1, NULL, 'Customer purchase');
INSERT INTO "inventory_transactions" ("id", "productId", "quantity", "type", "reason", "createdAt", "createdBy", "referenceId", "notes") VALUES (5, 5, 20, 'receive', 'Initial stock', '2025-04-12T06:16:50.170Z', 1, NULL, 'Initial inventory count');
INSERT INTO "inventory_transactions" ("id", "productId", "quantity", "type", "reason", "createdAt", "createdBy", "referenceId", "notes") VALUES (6, 5, -5, 'adjust', 'Damaged goods', '2025-04-12T06:16:50.170Z', 1, NULL, 'Items damaged during shipping');
INSERT INTO "inventory_transactions" ("id", "productId", "quantity", "type", "reason", "createdAt", "createdBy", "referenceId", "notes") VALUES (7, 2, 40, 'receive', 'Purchase order', '2025-04-12T06:16:50.170Z', 1, NULL, 'New shipment arrival');
INSERT INTO "inventory_transactions" ("id", "productId", "quantity", "type", "reason", "createdAt", "createdBy", "referenceId", "notes") VALUES (8, 2, -7, 'sale', 'Order #1002', '2025-04-12T06:16:50.170Z', 1, NULL, 'Customer purchase');

INSERT INTO "users" ("id", "username", "password", "role", "email", "defaultShippingAddressId", "default_shipping_address_id") VALUES (2, 'omar', '0260c115623226202d077fbdb0f797e20ec2396bf0477486dca73f98b64c0137f238df6fcd80011d8b6a19866f46ede4d1d7c5a0a70841f4a42c5edea21156b1.8eb7fff16c6080277ca83e77ca5fad64', 'user', NULL, NULL, NULL);
INSERT INTO "users" ("id", "username", "password", "role", "email", "defaultShippingAddressId", "default_shipping_address_id") VALUES (3, 'omar1', 'b61d1198c050d62fac097a98b3198c7c51c0629a335f9a9326745ef41da3050249ae92c7147a26c3e079791f909318eef572f9ab33245db980d78d91e21f85fa.43b03a98a5706c3e42400e3476501a2e', 'user', 'oplayer88@gmail.com', NULL, NULL);
INSERT INTO "users" ("id", "username", "password", "role", "email", "defaultShippingAddressId", "default_shipping_address_id") VALUES (1, 'admin', 'e01bbab46d46db475c5243dcaa03ba40e37b669729059aadb22fd6402e04507f30baf7d9bfc323c315a9b2a5878f67c87d80d478cb957519fd60e0421db9e0a6.b75b919a89c93cb7bdc063b14b796585', 'admin', NULL, NULL, 1);

INSERT INTO "orders" ("id", "user_id", "order_number", "status", "total_amount", "currency", "payment_status", "shipping_method", "shipping_cost", "shipping_address_id", "billing_address_id", "payment_method_id", "notes", "created_at", "updated_at") VALUES (5, 1, 'ORD-20250413-1877', 'processing', '172.98000000000002', 'USD', 'paid', 'standard', '0.00', NULL, NULL, NULL, NULL, '2025-04-13T07:07:44.151Z', '2025-04-13T09:04:12.726Z');
INSERT INTO "orders" ("id", "user_id", "order_number", "status", "total_amount", "currency", "payment_status", "shipping_method", "shipping_cost", "shipping_address_id", "billing_address_id", "payment_method_id", "notes", "created_at", "updated_at") VALUES (4, 1, 'ORD-20250413-1019', 'shipped', '392.98', 'USD', 'paid', 'standard', '0.00', NULL, NULL, NULL, NULL, '2025-04-13T07:06:12.754Z', '2025-04-13T09:04:20.599Z');
INSERT INTO "orders" ("id", "user_id", "order_number", "status", "total_amount", "currency", "payment_status", "shipping_method", "shipping_cost", "shipping_address_id", "billing_address_id", "payment_method_id", "notes", "created_at", "updated_at") VALUES (6, 1, 'ORD-20250413-6815', 'pending', '129.99', 'USD', 'pending', 'standard', '0.00', NULL, NULL, NULL, NULL, '2025-04-13T14:13:27.771Z', '2025-04-13T14:13:27.771Z');
INSERT INTO "orders" ("id", "user_id", "order_number", "status", "total_amount", "currency", "payment_status", "shipping_method", "shipping_cost", "shipping_address_id", "billing_address_id", "payment_method_id", "notes", "created_at", "updated_at") VALUES (7, 1, 'ORD-20250414-9903', 'pending', '42.99', 'OMR', 'pending', 'standard', '0.00', NULL, NULL, NULL, NULL, '2025-04-14T03:34:36.977Z', '2025-04-14T03:34:36.977Z');
INSERT INTO "orders" ("id", "user_id", "order_number", "status", "total_amount", "currency", "payment_status", "shipping_method", "shipping_cost", "shipping_address_id", "billing_address_id", "payment_method_id", "notes", "created_at", "updated_at") VALUES (8, 1, 'ORD-20250414-3435', 'pending', '349.99', 'OMR', 'pending', 'standard', '0.00', NULL, NULL, NULL, NULL, '2025-04-14T03:46:32.159Z', '2025-04-14T03:46:32.159Z');
INSERT INTO "orders" ("id", "user_id", "order_number", "status", "total_amount", "currency", "payment_status", "shipping_method", "shipping_cost", "shipping_address_id", "billing_address_id", "payment_method_id", "notes", "created_at", "updated_at") VALUES (9, 1, 'ORD-20250414-9930', 'pending', '379.99', 'OMR', 'pending', 'standard', '0.00', NULL, NULL, NULL, NULL, '2025-04-14T10:56:15.102Z', '2025-04-14T10:56:15.102Z');
INSERT INTO "orders" ("id", "user_id", "order_number", "status", "total_amount", "currency", "payment_status", "shipping_method", "shipping_cost", "shipping_address_id", "billing_address_id", "payment_method_id", "notes", "created_at", "updated_at") VALUES (10, 1, 'ORD-20250414-6659', 'pending', '30', 'OMR', 'pending', 'standard', '0.00', NULL, NULL, NULL, NULL, '2025-04-14T12:25:24.975Z', '2025-04-14T12:25:24.975Z');
INSERT INTO "orders" ("id", "user_id", "order_number", "status", "total_amount", "currency", "payment_status", "shipping_method", "shipping_cost", "shipping_address_id", "billing_address_id", "payment_method_id", "notes", "created_at", "updated_at") VALUES (11, 1, 'ORD-20250414-7960', 'pending', '128.97', 'OMR', 'pending', 'standard', '0.00', NULL, NULL, NULL, NULL, '2025-04-14T13:01:33.231Z', '2025-04-14T13:01:33.231Z');
INSERT INTO "orders" ("id", "user_id", "order_number", "status", "total_amount", "currency", "payment_status", "shipping_method", "shipping_cost", "shipping_address_id", "billing_address_id", "payment_method_id", "notes", "created_at", "updated_at") VALUES (12, 1, 'ORD-20250414-1634', 'pending', '85.98', 'OMR', 'pending', 'standard', '0.00', NULL, NULL, NULL, NULL, '2025-04-14T13:03:13.845Z', '2025-04-14T13:03:13.845Z');
INSERT INTO "orders" ("id", "user_id", "order_number", "status", "total_amount", "currency", "payment_status", "shipping_method", "shipping_cost", "shipping_address_id", "billing_address_id", "payment_method_id", "notes", "created_at", "updated_at") VALUES (13, 1, 'ORD-20250414-6987', 'pending', '42.99', 'OMR', 'pending', 'standard', '0.00', NULL, NULL, NULL, NULL, '2025-04-14T13:12:06.249Z', '2025-04-14T13:12:06.249Z');
INSERT INTO "orders" ("id", "user_id", "order_number", "status", "total_amount", "currency", "payment_status", "shipping_method", "shipping_cost", "shipping_address_id", "billing_address_id", "payment_method_id", "notes", "created_at", "updated_at") VALUES (14, 1, 'ORD-20250414-9460', 'shipped', '42.99', 'OMR', 'paid', 'standard', '0.00', NULL, NULL, NULL, NULL, '2025-04-14T13:31:53.737Z', '2025-04-15T12:40:42.761Z');

INSERT INTO "order_items" ("id", "order_id", "product_id", "quantity", "unit_price", "subtotal", "created_at", "updated_at") VALUES (1, 4, 4, 1, '349.99', '349.99', '2025-04-13T07:06:12.800Z', '2025-04-13T07:06:12.800Z');
INSERT INTO "order_items" ("id", "order_id", "product_id", "quantity", "unit_price", "subtotal", "created_at", "updated_at") VALUES (2, 4, 8, 1, '42.99', '42.99', '2025-04-13T07:06:12.905Z', '2025-04-13T07:06:12.905Z');
INSERT INTO "order_items" ("id", "order_id", "product_id", "quantity", "unit_price", "subtotal", "created_at", "updated_at") VALUES (3, 5, 8, 1, '42.99', '42.99', '2025-04-13T07:07:44.187Z', '2025-04-13T07:07:44.187Z');
INSERT INTO "order_items" ("id", "order_id", "product_id", "quantity", "unit_price", "subtotal", "created_at", "updated_at") VALUES (4, 5, 3, 1, '129.99', '129.99', '2025-04-13T07:07:44.188Z', '2025-04-13T07:07:44.188Z');
INSERT INTO "order_items" ("id", "order_id", "product_id", "quantity", "unit_price", "subtotal", "created_at", "updated_at") VALUES (5, 6, 9, 1, '129.99', '129.99', '2025-04-13T14:13:27.807Z', '2025-04-13T14:13:27.807Z');
INSERT INTO "order_items" ("id", "order_id", "product_id", "quantity", "unit_price", "subtotal", "created_at", "updated_at") VALUES (6, 7, 8, 1, '42.99', '42.99', '2025-04-14T03:34:37.013Z', '2025-04-14T03:34:37.013Z');
INSERT INTO "order_items" ("id", "order_id", "product_id", "quantity", "unit_price", "subtotal", "created_at", "updated_at") VALUES (7, 8, 4, 1, '349.99', '349.99', '2025-04-14T03:46:32.198Z', '2025-04-14T03:46:32.198Z');
INSERT INTO "order_items" ("id", "order_id", "product_id", "quantity", "unit_price", "subtotal", "created_at", "updated_at") VALUES (8, 9, 3, 1, '30', '30', '2025-04-14T10:56:15.192Z', '2025-04-14T10:56:15.192Z');
INSERT INTO "order_items" ("id", "order_id", "product_id", "quantity", "unit_price", "subtotal", "created_at", "updated_at") VALUES (9, 9, 4, 1, '349.99', '349.99', '2025-04-14T10:56:15.251Z', '2025-04-14T10:56:15.251Z');
INSERT INTO "order_items" ("id", "order_id", "product_id", "quantity", "unit_price", "subtotal", "created_at", "updated_at") VALUES (10, 10, 3, 1, '30', '30', '2025-04-14T12:25:25.020Z', '2025-04-14T12:25:25.020Z');
INSERT INTO "order_items" ("id", "order_id", "product_id", "quantity", "unit_price", "subtotal", "created_at", "updated_at") VALUES (11, 11, 8, 3, '42.99', '128.97', '2025-04-14T13:01:33.276Z', '2025-04-14T13:01:33.276Z');
INSERT INTO "order_items" ("id", "order_id", "product_id", "quantity", "unit_price", "subtotal", "created_at", "updated_at") VALUES (12, 12, 8, 2, '42.99', '85.98', '2025-04-14T13:03:13.883Z', '2025-04-14T13:03:13.883Z');
INSERT INTO "order_items" ("id", "order_id", "product_id", "quantity", "unit_price", "subtotal", "created_at", "updated_at") VALUES (13, 13, 8, 1, '42.99', '42.99', '2025-04-14T13:12:06.287Z', '2025-04-14T13:12:06.287Z');
INSERT INTO "order_items" ("id", "order_id", "product_id", "quantity", "unit_price", "subtotal", "created_at", "updated_at") VALUES (14, 14, 8, 1, '42.99', '42.99', '2025-04-14T13:31:53.775Z', '2025-04-14T13:31:53.775Z');

INSERT INTO "addresses" ("id", "userId", "firstName", "lastName", "addressLine1", "addressLine2", "city", "state", "postalCode", "country", "phone", "isDefault", "label", "createdAt") VALUES (2, 1, 'omar', 'almoqbali', 'sohar', NULL, 'muscut', NULL, '311', 'QA', '94131544', FALSE, NULL, '2025-04-14T13:31:53.335Z');
INSERT INTO "addresses" ("id", "userId", "firstName", "lastName", "addressLine1", "addressLine2", "city", "state", "postalCode", "country", "phone", "isDefault", "label", "createdAt") VALUES (1, 1, 'omar1', 'almoqbali', 'sohar', '', 'muscut', '', '311', 'OM', '94131544', TRUE, '', '2025-04-14T13:29:41.832Z');

INSERT INTO "pages" ("id", "title", "slug", "content", "description", "is_published", "meta_title", "meta_description", "created_by", "updated_by", "created_at", "updated_at") VALUES (9, 'Home', 'home', '<div class="container mx-auto px-4 py-8">
    <h1 class="text-4xl font-bold mb-6">Welcome to Poultry Gear</h1>
    <p class="text-lg mb-4">Premium poultry farming equipment for modern farmers.</p>
    <p>Find the best quality equipment for your poultry farming needs - from feeders and waterers to nesting boxes and coops.</p>
    <div class="mt-6">
      <a href="/products" class="bg-primary text-white px-4 py-2 rounded">Shop Now</a>
    </div>
  </div>', 'Premium poultry farming equipment and supplies', TRUE, 'Home - Poultry Gear', 'Premium poultry farming equipment and supplies', 1, 1, '2025-04-15T04:13:19.625Z', '2025-04-15T04:13:19.625Z');
INSERT INTO "pages" ("id", "title", "slug", "content", "description", "is_published", "meta_title", "meta_description", "created_by", "updated_by", "created_at", "updated_at") VALUES (10, 'About Us', 'about', '<div class="container mx-auto px-4 py-8">
    <h1 class="text-4xl font-bold mb-6">About Poultry Gear</h1>
    <div class="prose max-w-none">
      <p>Welcome to Poultry Gear, your trusted source for high-quality poultry farming equipment since 2005.</p>
      
      <p>At Poultry Gear, we understand the challenges and requirements of modern poultry farming. Our mission is to provide innovative, durable, and efficient equipment that helps farmers improve productivity while maintaining poultry health and welfare.</p>
      
      <h2>Our Story</h2>
      
      <p>Poultry Gear was founded by a team of agricultural engineers and experienced poultry farmers who saw a need for better equipment in the industry. What began as a small workshop developing specialized feeders has grown into a comprehensive supplier of poultry farming solutions.</p>
      
      <h2>Our Commitment</h2>
      
      <p>We are committed to:</p>
      
      <ul>
        <li><strong>Quality:</strong> Using premium materials and rigorous testing to ensure our products last</li>
        <li><strong>Innovation:</strong> Continuously improving our designs based on research and customer feedback</li>
        <li><strong>Sustainability:</strong> Developing equipment that promotes efficient resource use and reduces waste</li>
        <li><strong>Customer Support:</strong> Providing expert advice and responsive service to our clients</li>
      </ul>
    </div>
  </div>', 'Learn about Poultry Gear and how we started', TRUE, 'About Us - Poultry Gear', 'Learn about Poultry Gear and how we started', 1, 1, '2025-04-15T04:14:05.749Z', '2025-04-15T04:14:05.749Z');
INSERT INTO "pages" ("id", "title", "slug", "content", "description", "is_published", "meta_title", "meta_description", "created_by", "updated_by", "created_at", "updated_at") VALUES (11, 'FAQ', 'faq', '<div class="container mx-auto px-4 py-8">
    <h1 class="text-4xl font-bold mb-6">Frequently Asked Questions</h1>
    <div class="prose max-w-none">
      <div class="space-y-6">
        <div>
          <h3 class="text-xl font-semibold">What types of equipment do you offer?</h3>
          <p>We offer a complete range of poultry farming equipment including feeders, waterers, nesting boxes, egg collection systems, incubators, brooders, and housing solutions.</p>
        </div>
        
        <div>
          <h3 class="text-xl font-semibold">Do you offer international shipping?</h3>
          <p>Yes, we ship to countries across the Middle East, Africa, and parts of Asia. Shipping costs and delivery times vary by location.</p>
        </div>
        
        <div>
          <h3 class="text-xl font-semibold">What payment methods do you accept?</h3>
          <p>We accept major credit cards, PayPal, bank transfers, and cash on delivery in select regions.</p>
        </div>
        
        <div>
          <h3 class="text-xl font-semibold">Do you offer installation services?</h3>
          <p>Yes, we offer professional installation services for large equipment and complete systems within the UAE and neighboring countries.</p>
        </div>
        
        <div>
          <h3 class="text-xl font-semibold">What warranty is included with your products?</h3>
          <p>Most of our products come with a 1-year warranty against manufacturing defects. Premium and commercial-grade equipment may include extended warranties.</p>
        </div>
        
        <div>
          <h3 class="text-xl font-semibold">Can I return products if they don''t meet my needs?</h3>
          <p>We offer a 30-day return policy for most unused items in their original packaging. Custom or specialized equipment may have different return terms.</p>
        </div>
        
        <div>
          <h3 class="text-xl font-semibold">Do you offer consultation for new poultry farms?</h3>
          <p>Yes, our team of experienced poultry specialists can provide consultation services for farm setup, equipment selection, and optimization.</p>
        </div>
        
        <div>
          <h3 class="text-xl font-semibold">How can I track my order?</h3>
          <p>Once your order ships, you will receive a tracking number via email that allows you to monitor the delivery status.</p>
        </div>
      </div>
    </div>
  </div>', 'Frequently asked questions about our products and services', TRUE, 'FAQ - Poultry Gear', 'Frequently asked questions about our products and services', 1, 1, '2025-04-15T04:14:35.448Z', '2025-04-15T04:14:35.448Z');
INSERT INTO "pages" ("id", "title", "slug", "content", "description", "is_published", "meta_title", "meta_description", "created_by", "updated_by", "created_at", "updated_at") VALUES (12, 'Terms & Conditions', 'terms', '<div class="container mx-auto px-4 py-8">
    <h1 class="text-4xl font-bold mb-6">Terms & Conditions</h1>
    <div class="prose max-w-none">
      <p>Last updated: April 15, 2025</p>
      
      <h2>1. Introduction</h2>
      <p>Welcome to Poultry Gear. These Terms and Conditions govern your use of our website and the purchase of products from our online store.</p>
      
      <h2>2. Acceptance of Terms</h2>
      <p>By accessing our website and placing orders, you agree to be bound by these Terms and Conditions. If you do not agree with any part of these terms, please do not use our website or services.</p>
      
      <h2>3. Product Information</h2>
      <p>We strive to display our products accurately, but we cannot guarantee that all details and colors are accurate. We reserve the right to modify product specifications without notice.</p>
      
      <h2>4. Pricing and Payment</h2>
      <p>All prices are listed in your selected currency and are subject to change without notice. We accept payment via credit card, bank transfer, and other methods as specified during checkout.</p>
      
      <h2>5. Shipping and Delivery</h2>
      <p>Delivery times vary by location and product availability. We are not responsible for delays caused by customs or other factors outside our control.</p>
      
      <h2>6. Returns and Refunds</h2>
      <p>You may return most unused products in their original packaging within 30 days of delivery for a full refund, minus shipping costs. Custom or specialized equipment may not be eligible for return.</p>
      
      <h2>7. Warranty</h2>
      <p>Most products include a 1-year warranty against manufacturing defects under normal use. Please refer to specific product documentation for detailed warranty information.</p>
      
      <h2>8. Privacy Policy</h2>
      <p>Your use of our website is also governed by our Privacy Policy, which explains how we collect, use, and protect your personal information.</p>
      
      <h2>9. Intellectual Property</h2>
      <p>All content on this website, including text, images, logos, and product designs, is the property of Poultry Gear and is protected by copyright laws.</p>
      
      <h2>10. Limitation of Liability</h2>
      <p>Poultry Gear shall not be liable for any indirect, incidental, or consequential damages resulting from the use of our products or website.</p>
      
      <h2>11. Governing Law</h2>
      <p>These Terms and Conditions are governed by the laws of the United Arab Emirates. Any disputes shall be resolved in the courts of Dubai, UAE.</p>
      
      <h2>12. Changes to Terms</h2>
      <p>We reserve the right to update these Terms and Conditions at any time. Changes will be effective immediately upon posting to the website.</p>
      
      <h2>13. Contact Information</h2>
      <p>If you have any questions about these Terms and Conditions, please contact us at legal@poultrygear.com.</p>
    </div>
  </div>', 'Terms and conditions for using our website and services', TRUE, 'Terms & Conditions - Poultry Gear', 'Terms and conditions for using our website and services', 1, 1, '2025-04-15T04:14:51.246Z', '2025-04-15T04:14:51.246Z');

