[
  {
    "id": 1,
    "name": "Feeders",
    "nameAr": "معالف",
    "slug": "feeders",
    "description": "Automatic and manual feeding solutions for all flock sizes.",
    "descriptionAr": "حلول تغذية أوتوماتيكية ويدوية لجميع أحجام قطعان الدواجن.",
    "imageUrl": "https://images.unsplash.com/photo-1598715685267-0f45367d8071?ixlib=rb-1.2.1&auto=format&fit=crop&w=500&q=80"
  },
  {
    "id": 2,
    "name": "Waterers",
    "nameAr": "مساقي",
    "slug": "waterers",
    "description": "Clean, efficient watering systems with advanced nipple technology.",
    "descriptionAr": "أنظمة شرب نظيفة وفعالة مع تقنية حلمات متطورة.",
    "imageUrl": "https://images.unsplash.com/photo-1598970434795-0c54fe7c0648?ixlib=rb-1.2.1&auto=format&fit=crop&w=500&q=80"
  },
  {
    "id": 3,
    "name": "Coop Equipment",
    "nameAr": "معدات العشة",
    "slug": "coop-equipment",
    "description": "Everything you need for a comfortable, secure chicken coop.",
    "descriptionAr": "كل ما تحتاجه لعشة دجاج مريحة وآمنة.",
    "imageUrl": "https://images.unsplash.com/photo-1516467508483-a7212febe31a?ixlib=rb-1.2.1&auto=format&fit=crop&w=500&q=80"
  },
  {
    "id": 4,
    "name": "Health & Care",
    "nameAr": "الصحة والرعاية",
    "slug": "health-care",
    "description": "Products to maintain flock health and hygiene.",
    "descriptionAr": "منتجات للحفاظ على صحة ونظافة قطيع الدواجن.",
    "imageUrl": "https://images.unsplash.com/photo-1567450121326-28da3695ef35?ixlib=rb-1.2.1&auto=format&fit=crop&w=500&q=80"
  }
]