[
  {
    "id": 1,
    "name": "Automatic Chicken Feeder",
    "nameAr": "معلفة دجاج أوتوماتيكية",
    "slug": "automatic-chicken-feeder",
    "description": "High-capacity, weather-resistant chicken feeder with innovative anti-waste design.",
    "descriptionAr": "معلفة دجاج ذات سعة عالية، مقاومة للعوامل الجوية مع تصميم مبتكر مانع للهدر.",
    "price": "89.99",
    "categoryId": 1,
    "imageUrl": "https://images.unsplash.com/photo-1516467508483-a7212febe31a?ixlib=rb-1.2.1&auto=format&fit=crop&w=500&q=80",
    "featured": true,
    "inStock": true,
    "badge": "new",
    "badgeAr": "جديد"
  },
  {
    "id": 2,
    "name": "Premium Watering System",
    "nameAr": "نظام سقي متميز",
    "slug": "premium-watering-system",
    "description": "Complete watering solution with nipple drinkers. Keeps water clean and prevents spillage.",
    "descriptionAr": "حل متكامل للسقي مع حلمات شرب. يحافظ على نظافة المياه ويمنع الانسكاب.",
    "price": "64.99",
    "categoryId": 2,
    "imageUrl": "https://images.unsplash.com/photo-1629385918123-8872c6d907ac?ixlib=rb-1.2.1&auto=format&fit=crop&w=500&q=80",
    "featured": true,
    "inStock": true,
    "badge": null,
    "badgeAr": null
  },
  {
    "id": 3,
    "name": "Deluxe Nesting Boxes (Set of 4)",
    "nameAr": "صناديق تعشيش فاخرة (مجموعة من 4)",
    "slug": "deluxe-nesting-boxes",
    "description": "Comfortable, easy-to-clean nesting boxes with roll-away egg collection system.",
    "descriptionAr": "صناديق تعشيش مريحة سهلة التنظيف مع نظام تجميع البيض المتدحرج.",
    "price": "129.99",
    "categoryId": 3,
    "imageUrl": "https://images.unsplash.com/photo-1534187886889-1e764382e8cc?ixlib=rb-1.2.1&auto=format&fit=crop&w=500&q=80",
    "featured": true,
    "inStock": true,
    "badge": "bestseller",
    "badgeAr": "الأكثر مبيعاً"
  },
  {
    "id": 4,
    "name": "Portable Chicken Coop",
    "nameAr": "عشة دجاج متنقلة",
    "slug": "portable-chicken-coop",
    "description": "Easy-to-move coop with predator-proof design. Perfect for small to medium flocks.",
    "descriptionAr": "عشة سهلة النقل بتصميم مضاد للحيوانات المفترسة. مثالية للقطعان الصغيرة والمتوسطة.",
    "price": "349.99",
    "categoryId": 3,
    "imageUrl": "https://images.unsplash.com/photo-1586208958839-06c17cacdf08?ixlib=rb-1.2.1&auto=format&fit=crop&w=500&q=80",
    "featured": true,
    "inStock": true,
    "badge": null,
    "badgeAr": null
  },
  {
    "id": 5,
    "name": "Poultry Health Kit",
    "nameAr": "طقم صحة الدواجن",
    "slug": "poultry-health-kit",
    "description": "Complete kit with essential supplements and medications for maintaining flock health.",
    "descriptionAr": "طقم متكامل مع المكملات الغذائية والأدوية الضرورية للحفاظ على صحة القطيع.",
    "price": "49.99",
    "categoryId": 4,
    "imageUrl": "https://images.unsplash.com/photo-1512069772995-ec65ed45afd6?ixlib=rb-1.2.1&auto=format&fit=crop&w=500&q=80",
    "featured": false,
    "inStock": true,
    "badge": null,
    "badgeAr": null
  },
  {
    "id": 6,
    "name": "Automatic Coop Door",
    "nameAr": "باب العشة الأوتوماتيكي",
    "slug": "automatic-coop-door",
    "description": "Programmable door that opens and closes automatically. Keeps predators out and chickens safe.",
    "descriptionAr": "باب قابل للبرمجة يفتح ويغلق تلقائياً. يبقي الحيوانات المفترسة بالخارج والدجاج آمناً.",
    "price": "159.99",
    "categoryId": 3,
    "imageUrl": "https://images.unsplash.com/photo-1518791841217-8f162f1e1131?ixlib=rb-1.2.1&auto=format&fit=crop&w=500&q=80",
    "featured": false,
    "inStock": true,
    "badge": null,
    "badgeAr": null
  },
  {
    "id": 7,
    "name": "Hanging Feeder (10lb capacity)",
    "nameAr": "معلفة معلقة (سعة 10 رطل)",
    "slug": "hanging-feeder",
    "description": "Durable hanging feeder that reduces feed waste and contamination.",
    "descriptionAr": "معلفة معلقة متينة تقلل من هدر العلف والتلوث.",
    "price": "34.99",
    "categoryId": 1,
    "imageUrl": "https://images.unsplash.com/photo-1548550023-2bdb3c5beed7?ixlib=rb-1.2.1&auto=format&fit=crop&w=500&q=80",
    "featured": false,
    "inStock": true,
    "badge": null,
    "badgeAr": null
  },
  {
    "id": 8,
    "name": "Gravity Waterer (5 gallon)",
    "nameAr": "مسقاة جاذبية (5 جالون)",
    "slug": "gravity-waterer",
    "description": "Large capacity gravity waterer that keeps chickens hydrated for days without refilling.",
    "descriptionAr": "مسقاة جاذبية كبيرة السعة تحافظ على ترطيب الدجاج لأيام بدون إعادة ملء.",
    "price": "42.99",
    "categoryId": 2,
    "imageUrl": "https://images.unsplash.com/photo-1533070931057-1d300322ee67?ixlib=rb-1.2.1&auto=format&fit=crop&w=500&q=80",
    "featured": false,
    "inStock": true,
    "badge": null,
    "badgeAr": null
  }
]